{"cameraMode":{"drawMode":0,"name":"Shaded","section":"Shading Mode"},"sceneLighting":true,"audioPlay":false,"sceneViewState":{"showFog":true,"showMaterialUpdate":true,"showSkybox":true,"showFlares":true,"showImageEffects":true,"showParticleSystems":true},"in2DMode":false,"pivot":{"x":-66.74274444580078,"y":91.83683776855469,"z":11.570806503295899},"rotation":{"x":-0.030490871518850328,"y":-0.7745339870452881,"z":0.03744731843471527,"w":-0.6306948065757752},"size":2.4203033447265627,"orthographic":false}