{"cameraMode":{"drawMode":0,"name":"Shaded","section":"Shading Mode"},"sceneLighting":true,"audioPlay":false,"sceneViewState":{"showFog":true,"showMaterialUpdate":true,"showSkybox":true,"showFlares":true,"showImageEffects":true,"showParticleSystems":true},"in2DMode":false,"pivot":{"x":-66.9096450805664,"y":98.13796997070313,"z":15.74426555633545},"rotation":{"x":0.12298821657896042,"y":0.013431825675070286,"z":-0.0016629291931167245,"w":0.9923226237297058},"size":6.120973110198975,"orthographic":false}