{"cameraMode":{"drawMode":0,"name":"Shaded","section":"Shading Mode"},"sceneLighting":true,"audioPlay":false,"sceneViewState":{"showFog":false,"showMaterialUpdate":false,"showSkybox":false,"showFlares":false,"showImageEffects":false,"showParticleSystems":false},"in2DMode":false,"pivot":{"x":-35.80065155029297,"y":127.96897888183594,"z":-35.91249465942383},"rotation":{"x":-0.034905653446912768,"y":-0.8479286432266235,"z":0.05632247030735016,"w":-0.5260210037231445},"size":51.91117477416992,"orthographic":false}