{"cameraMode":{"drawMode":0,"name":"Shaded","section":"Shading Mode"},"sceneLighting":true,"audioPlay":false,"sceneViewState":{"showFog":true,"showMaterialUpdate":true,"showSkybox":true,"showFlares":true,"showImageEffects":true,"showParticleSystems":true},"in2DMode":false,"pivot":{"x":-9.461523056030274,"y":87.53311157226563,"z":29.302146911621095},"rotation":{"x":0.2211516797542572,"y":0.6773428916931152,"z":-0.22545629739761353,"w":0.6644525527954102},"size":30.9417724609375,"orthographic":false}