{"cameraMode":{"drawMode":0,"name":"Shaded","section":"Shading Mode"},"sceneLighting":true,"audioPlay":false,"sceneViewState":{"showFog":true,"showMaterialUpdate":true,"showSkybox":true,"showFlares":true,"showImageEffects":true,"showParticleSystems":true},"in2DMode":false,"pivot":{"x":296.0896911621094,"y":62.215789794921878,"z":122.66325378417969},"rotation":{"x":0.13598790764808656,"y":0.49498844146728518,"z":-0.0787758156657219,"w":0.8545789122581482},"size":704.6499633789063,"orthographic":false}