{"cameraMode":{"drawMode":0,"name":"Shaded","section":"Shading Mode"},"sceneLighting":true,"audioPlay":false,"sceneViewState":{"showFog":true,"showMaterialUpdate":true,"showSkybox":true,"showFlares":true,"showImageEffects":true,"showParticleSystems":true},"in2DMode":false,"pivot":{"x":-67.03193664550781,"y":91.42507934570313,"z":11.799997329711914},"rotation":{"x":-0.15569894015789033,"y":0.4485955238342285,"z":-0.07969586551189423,"w":-0.8764745593070984},"size":4.62766170501709,"orthographic":false}