{"cameraMode":{"drawMode":0,"name":"Shaded","section":"Shading Mode"},"sceneLighting":true,"audioPlay":false,"sceneViewState":{"showFog":true,"showMaterialUpdate":true,"showSkybox":true,"showFlares":true,"showImageEffects":true,"showParticleSystems":true},"in2DMode":false,"pivot":{"x":-58.516944885253909,"y":101.41154479980469,"z":8.121182441711426},"rotation":{"x":0.24297887086868287,"y":-0.6738609671592712,"z":0.25157636404037478,"w":0.6508327126502991},"size":7.0661516189575199,"orthographic":false}