{"cameraMode":{"drawMode":0,"name":"Shaded","section":"Shading Mode"},"sceneLighting":true,"audioPlay":false,"sceneViewState":{"showFog":true,"showMaterialUpdate":true,"showSkybox":true,"showFlares":true,"showImageEffects":true,"showParticleSystems":true},"in2DMode":false,"pivot":{"x":-69.69037628173828,"y":97.5,"z":11.800000190734864},"rotation":{"x":-0.0035539844539016487,"y":0.994047224521637,"z":-0.10356372594833374,"w":-0.03401909023523331},"size":8.168815612792969,"orthographic":false}